,most_prevalent,most_persistent,early_warning,complication_specific,most_extreme
D3-Creatinine-ISTD_POS,0,0,0,0,0
p3823_POS,0,0,0,0,0
p1690_POS,0,0,0,0,0
p5795_POS,0,0,0,0,0
p2942_POS,0,0,0,0,0
"N-(1,3-benzodioxol-5-yl)-2-methyl-5-(piperidinosulfonyl)-3-furamide_POS",0,0,0,0,0
"N1-(alpha-D-ribosyl)-5,6-dimethyl-benzimidazole_POS",0,0,0,0,0
p3174_POS,0,0,0,0,0
Methoxsalen_POS,0,0,0,0,0
n3688_NEG,0,0,0,0,0
p555_POS,0,0,0,0,0
"[6,7-dimethoxy-1-methyl-3,4-dihydro-2(1H)-isoquinolinyl](5-methyl-3-isoxazolyl)methanone_POS",0,0,0,0,0
p5019_POS,0,0,0,0,0
p3144_POS,0,0,0,0,0
n2600_NEG,0,0,0,0,0
Caprolactam_POS,0,0,0,0,0
p5568_POS,0,0,0,0,0
p1608_POS,0,0,0,0,0
p5015_POS,0,0,0,0,0
p281_POS,0,0,0,0,0
Glucuronic acid sulfate_NEG,0,0,0,0,0
p98_POS,0,0,0,0,0
p851_POS,0,0,0,0,0
Indoline_POS,0,0,0,0,0
p3519_POS,0,0,0,0,0
Vaccenyl carnitine_POS,0,0,0,0,0
Imidazoleacetic acid_POS,0,0,0,0,0
p4974_POS,0,0,0,0,0
p3473_POS,0,0,0,0,0
p5162_POS,0,0,0,0,0
Gluconolactone_POS,0,0,0,0,0
p1485_POS,0,0,0,0,0
p4351_POS,0,0,0,0,0
p1605_POS,0,0,0,0,0
n2589_NEG,0,0,0,0,0
p4096_POS,0,0,0,0,0
p2057_POS,0,0,0,0,0
Venlafaxine N-Oxide_POS,0,0,0,0,0
p2825_POS,0,0,0,0,0
p5080_POS,0,0,0,0,0
p4193_POS,0,0,0,0,0
Memnobotrin B_POS,0,0,0,0,0
p5561_POS,0,0,0,0,0
n568_NEG,0,0,0,0,0
p1828_POS,0,0,0,0,0
N-Docosahexaenoyl GABA_POS,0,0,0,0,0
p3967_POS,0,0,0,0,0
p4275_POS,0,0,0,0,0
p1167_POS,0,0,0,0,0
p3082_POS,0,0,0,0,0
p790_POS,0,0,0,0,0
p231_POS,0,0,0,0,0
n3923_NEG,0,0,0,0,0
p2723_POS,0,0,0,0,0
p3243_POS,0,0,0,0,0
n1345_NEG,0,0,0,0,0
p2887_POS,0,0,0,0,0
p5424_POS,0,0,0,0,0
p4222_POS,0,0,0,0,0
D3-Creatinine_POS,0,0,0,0,0
p207_POS,0,0,0,0,0
p959_POS,0,0,0,0,0
p5522_POS,0,0,0,0,0
p4371_POS,0,0,0,0,0
p3896_POS,0,0,0,0,0
p5016_POS,0,0,0,0,0
p3023_POS,0,0,0,0,0
p3469_POS,0,0,0,0,0
p131_POS,0,0,0,0,0
n537_NEG,0,0,0,0,0
Galactitol_POS,0,0,0,0,0
"1,2,3-Trihydroxybenzene_NEG",0,0,0,0,0
p2234_POS,0,0,0,0,0
p2448_POS,0,0,0,0,0
p4097_POS,0,0,0,0,0
Repinotan_POS,0,0,0,0,0
p1519_POS,0,0,0,0,0
p3498_POS,0,0,0,0,0
n4_NEG,0,0,0,0,0
n3757_NEG,0,0,0,0,0
p2690_POS,0,0,0,0,0
p1192_POS,0,0,0,0,0
n3849_NEG,0,0,0,0,0
n178_NEG,0,0,0,0,0
p1815_POS,0,0,0,0,0
p3707_POS,0,0,0,0,0
p4375_POS,0,0,0,0,0
p300_POS,0,0,0,0,0
n3235_NEG,0,0,0,0,0
p1970_POS,0,0,0,0,0
p5236_POS,0,0,0,0,0
p132_POS,0,0,0,0,0
p2281_POS,0,0,0,0,0
p1029_POS,0,0,0,0,0
p1780_POS,0,0,0,0,0
p145_POS,0,0,0,0,0
p903_POS,0,0,0,0,0
n2843_NEG,0,0,0,0,0
p1994_POS,0,0,0,0,0
n2905_NEG,0,0,0,0,0
p3681_POS,0,0,0,0,0
D-Glucose_POS,0,0,0,0,0
p4965_POS,0,0,0,0,0
n1333_NEG,0,0,0,0,0
Dacarbazine_POS,0,0,0,0,0
(R)-Salsolinol_POS,0,0,0,0,0
n2511_NEG,0,0,0,0,0
p4116_POS,0,0,0,0,0
p4306_POS,0,0,0,0,0
n33_NEG,0,0,0,0,0
p800_POS,0,0,0,0,0
"1,1,1,2,2,3,3,10,10,11,11,12,12,12-Tetradecafluoro-5,8-diiodododecane_NEG",0,0,0,0,0
D-threo-isocitrate_NEG,0,0,0,0,0
Kijanimicin_POS,0,0,0,0,0
p3732_POS,0,0,0,0,0
n2637_NEG,0,0,0,0,0
p2499_POS,0,0,0,0,0
p4517_POS,0,0,0,0,0
1-(2-Hydroxyethyl-2-hydroxymethyl)-5-nitro-imidazole_POS,0,0,0,0,0
δ-Valerolactam_POS,0,0,0,0,0
p3186_POS,0,0,0,0,0
n2627_NEG,0,0,0,0,0
p364_POS,0,0,0,0,0
p4248_POS,0,0,0,0,0
n1822_NEG,0,0,0,0,0
3-hydroxynonanoyl carnitine_POS,0,0,0,0,0
p5029_POS,0,0,0,0,0
p5119_POS,0,0,0,0,0
p2569_POS,0,0,0,0,0
Leucylproline_POS,0,0,0,0,0
p3932_POS,0,0,0,0,0
2-Heptanethiol_POS,0,0,0,0,0
Uracil analogue_POS,0,0,0,0,0
p4131_POS,0,0,0,0,0
p4467_POS,0,0,0,0,0
p5640_POS,0,0,0,0,0
Succinic acid semialdehyde_NEG,0,0,0,0,0
p1275_POS,0,0,0,0,0
p1655_POS,0,0,0,0,0
L-Iditol_POS,0,0,0,0,0
p3615_POS,0,0,0,0,0
n319_NEG,0,0,0,0,0
p4162_POS,0,0,0,0,0
p5144_POS,0,0,0,0,0
n3719_NEG,0,0,0,0,0
p4508_POS,0,0,0,0,0
p2289_POS,0,0,0,0,0
p1866_POS,0,0,0,0,0
p3585_POS,0,0,0,0,0
p2540_POS,0,0,0,0,0
p2827_POS,0,0,0,0,0
p658_POS,0,0,0,0,0
p1452_POS,0,0,0,0,0
L-Serine_NEG,0,0,0,0,0
p951_POS,0,0,0,0,0
p2896_POS,0,0,0,0,0
N-Trifluoroacetyladriamycin_POS,0,0,0,0,0
"1H,1H-Perfluorononylamine_POS",0,0,0,0,0
n3303_NEG,0,0,0,0,0
p1382_POS,0,0,0,0,0
p2909_POS,0,0,0,0,0
p2168_POS,0,0,0,0,0
p5622_POS,0,0,0,0,0
"5-({[3-chloro-5-(trifluoromethyl)-2-pyridyl]methyl}thio)-4-pentyl-4H-1,2,4-triazol-3-ol_POS",0,0,0,0,0
n2663_NEG,0,0,0,0,0
p426_POS,0,0,0,0,0
p824_POS,0,0,0,0,0
p1008_POS,0,0,0,0,0
p1692_POS,0,0,0,0,0
n416_NEG,0,0,0,0,0
p2855_POS,0,0,0,0,0
p1435_POS,0,0,0,0,0
"6-Chloro-N2,N3-diethylquinoxaline-2,3-diamine_POS",0,0,0,0,0
p5751_POS,0,0,0,0,0
n3892_NEG,0,0,0,0,0
p3176_POS,0,0,0,0,0
Triethylene Glycol Monomethyl Ether_POS,0,0,0,0,0
p5062_POS,0,0,0,0,0
D-(-)-Mannitol_NEG,0,0,0,0,0
p1125_POS,0,0,0,0,0
Penicillactam_POS,0,0,0,0,0
Norepinephrine sulfate_POS,0,0,0,0,0
3-Oxalomalic acid_POS,0,0,0,0,0
n2862_NEG,0,0,0,0,0
p5406_POS,0,0,0,0,0
p2850_POS,0,0,0,0,0
p4818_POS,0,0,0,0,0
"5,5-dimethyl-2-{[(2-phenylacetyl)amino]methyl}-1,3-thiazolane-4-carboxylic acid_POS",0,0,0,0,0
2-Amino-3-methyl-1-butanol_POS,0,0,0,0,0
p759_POS,0,0,0,0,0
p4520_POS,0,0,0,0,0
NP-022470_POS,0,0,0,0,0
3-Deoxyglucosone_NEG,0,0,0,0,0
Bupropion hydrochloride_POS,0,0,0,0,0
p3051_POS,0,0,0,0,0
p4961_POS,0,0,0,0,0
p2574_POS,0,0,0,0,0
p1316_POS,0,0,0,0,0
n2173_NEG,0,0,0,0,0
N-(2-Hydroxypropyl)valine_POS,0,0,0,0,0
Aptaa-lhrh_POS,0,0,0,0,0
p3135_POS,0,0,0,0,0
p3183_POS,0,0,0,0,0
"(2S,3R)-3-Hydroxy-2-methylbutanoic acid_POS",0,0,0,0,0
p4972_POS,0,0,0,0,0
p5580_POS,0,0,0,0,0
p1952_POS,0,0,0,0,0
p2323_POS,0,0,0,0,0
p3421_POS,0,0,0,0,0
p1292_POS,0,0,0,0,0
"6-Chloro-2,3,4,5-tetrahydro-1H-3-benzazepine_NEG",0,0,0,0,0
"5S,6S-epoxy-15R-hydroxy-ETE_POS",0,0,0,0,0
p3546_POS,0,0,0,0,0
p388_POS,0,0,0,0,0
n1179_NEG,0,0,0,0,0
n530_NEG,0,0,0,0,0
p841_POS,0,0,0,0,0
n519_NEG,0,0,0,0,0
p3536_POS,0,0,0,0,0
n2003_NEG,0,0,0,0,0
"1-(4-methylphenyl)-3,5-diphenylpent-2-ene-1,5-dione_POS",0,0,0,0,0
"(4E)-3-Hydroxy-2,4-dimethyl-4-heptenamide_POS",0,0,0,0,0
n1782_NEG,0,0,0,0,0
p4486_POS,0,0,0,0,0
3-Hydroxymepivacaine_POS,0,0,0,0,0
p5350_POS,0,0,0,0,0
n3547_NEG,0,0,0,0,0
Nematophin_POS,0,0,0,0,0
p5600_POS,0,0,0,0,0
NP-020240_POS,0,0,0,0,0
p4633_POS,0,0,0,0,0
n2882_NEG,0,0,0,0,0
Normethadone_POS,0,0,0,0,0
p295_POS,0,0,0,0,0
p1289_POS,0,0,0,0,0
p1658_POS,0,0,0,0,0
p3295_POS,0,0,0,0,0
n1637_NEG,0,0,0,0,0
n17_NEG,0,0,0,0,0
p2792_POS,0,0,0,0,0
"1-Phenyl-1H-pyrazolo[3,4-d]pyrimidin-4-amine_POS",0,0,0,0,0
p3224_POS,0,0,0,0,0
n1518_NEG,0,0,0,0,0
p4747_POS,0,0,0,0,0
n3205_NEG,0,0,0,0,0
NP-022229_POS,0,0,0,0,0
p491_POS,0,0,0,0,0
Indene_POS,0,0,0,0,0
D-(-)-Glutamine_NEG,0,0,0,0,0
p489_POS,0,0,0,0,0
n793_NEG,0,0,0,0,0
p1893_POS,0,0,0,0,0
p911_POS,0,0,0,0,0
Diethylaminoethyl-Sephacel_POS,0,0,0,0,0
p5434_POS,0,0,0,0,0
p1241_POS,0,0,0,0,0
p3985_POS,0,0,0,0,0
n2287_NEG,0,0,0,0,0
p275_POS,0,0,0,0,0
Norlidocaine_POS,0,0,0,0,0
p3140_POS,0,0,0,0,0
p5067_POS,0,0,0,0,0
p803_POS,0,0,0,0,0
n2915_NEG,0,0,0,0,0
Ethyl N2-acetyl-L-argininate_POS,0,0,0,0,0
p2674_POS,0,0,0,0,0
p1103_POS,0,0,0,0,0
p5313_POS,0,0,0,0,0
Sunitinib_POS,0,0,0,0,0
p4929_POS,0,0,0,0,0
p2153_POS,0,0,0,0,0
p3302_POS,0,0,0,0,0
(E)-3-(2-(1H-Tetrazol-5-YL)vinyl)-6-fluoro-1H-indole_POS,0,0,0,0,0
Norfentanyl_POS,0,0,0,0,0
p2386_POS,0,0,0,0,0
p5174_POS,0,0,0,0,0
p5231_POS,0,0,0,0,0
p5766_POS,0,0,0,0,0
p2783_POS,0,0,0,0,0
p5535_POS,0,0,0,0,0
p3206_POS,0,0,0,0,0
p2422_POS,0,0,0,0,0
p2660_POS,0,0,0,0,0
"1-(Benzylamino)-3-(3,4-dimethylphenoxy)propan-2-ol_POS",0,0,0,0,0
p2703_POS,0,0,0,0,0
n1054_NEG,0,0,0,0,0
n2697_NEG,0,0,0,0,0
p2292_POS,0,0,0,0,0
p2420_POS,0,0,0,0,0
Dinorcapsaicin_POS,0,0,0,0,0
Clopidol_POS,0,0,0,0,0
p5038_POS,0,0,0,0,0
p1743_POS,0,0,0,0,0
p3392_POS,0,0,0,0,0
p1816_POS,0,0,0,0,0
p1860_POS,0,0,0,0,0
p4778_POS,0,0,0,0,0
p2790_POS,0,0,0,0,0
p239_POS,0,0,0,0,0
p4687_POS,0,0,0,0,0
"4:2 fluorotelomer thia hydroxy propyl trimethyl ammonium;4:2 fluorotelomer thia hydroxy propyl trimethyl ammonium;fluorotelomer thiohydroxyl ammonium (Backe, D'Agostino, Meija-Avedano), X:2 fluorotelomer thioether 2-propanol trimethyl quaternary amine_POS",0,0,0,0,0
p4764_POS,0,0,0,0,0
p2860_POS,0,0,0,0,0
p3101_POS,0,0,0,0,0
n1642_NEG,0,0,0,0,0
p3116_POS,0,0,0,0,0
p2565_POS,0,0,0,0,0
p150_POS,0,0,0,0,0
n818_NEG,0,0,0,0,0
p4850_POS,0,0,0,0,0
p5409_POS,0,0,0,0,0
p4656_POS,0,0,0,0,0
"3'-Glucosyl-2',4',6'-trihydroxyacetophenone_NEG",0,0,0,0,0
n2392_NEG,0,0,0,0,0
p4777_POS,0,0,0,0,0
p1072_POS,0,0,0,0,0
p4707_POS,0,0,0,0,0
n1124_NEG,0,0,0,0,0
n3625_NEG,0,0,0,0,0
n2560_NEG,0,0,0,0,0
p4279_POS,0,0,0,0,0
p2388_POS,0,0,0,0,0
p2946_POS,0,0,0,0,0
p4627_POS,0,0,0,0,0
Choline_POS,0,0,0,0,0
p3487_POS,0,0,0,0,0
p5757_POS,0,0,0,0,0
p2821_POS,0,0,0,0,0
p81_POS,0,0,0,0,0
p4173_POS,0,0,0,0,0
"4-methoxyphenyl 3,5-dimethyl-1-phenyl-1H-pyrazole-4-carboxylate_POS",0,0,0,0,0
n370_NEG,0,0,0,0,0
p2083_POS,0,0,0,0,0
n1771_NEG,0,0,0,0,0
p4768_POS,0,0,0,0,0
p5247_POS,0,0,0,0,0
Acrylic acid_NEG,0,0,0,0,0
p1714_POS,0,0,0,0,0
p4608_POS,0,0,0,0,0
4-Aminobenzoic acid_POS,0,0,0,0,0
p1100_POS,0,0,0,0,0
n2798_NEG,0,0,0,0,0
p5275_POS,0,0,0,0,0
p2154_POS,0,0,0,0,0
n1123_NEG,0,0,0,0,0
n1421_NEG,0,0,0,0,0
n3101_NEG,0,0,0,0,0
p1344_POS,0,0,0,0,0
n606_NEG,0,0,0,0,0
p5410_POS,0,0,0,0,0
p5031_POS,0,0,0,0,0
n644_NEG,0,0,0,0,0
p2191_POS,0,0,0,0,0
"2-Methyl-N-(3-morpholinopropyl)-1,5-diphenyl-1H-pyrrole-3-carboxamide_POS",0,0,0,0,0
p3491_POS,0,0,0,0,0
p4584_POS,0,0,0,0,0
Acetyl-β-methylcholine_POS,0,0,0,0,0
p2986_POS,0,0,0,0,0
Valine_POS,0,0,0,0,0
p4920_POS,0,0,0,0,0
p3155_POS,0,0,0,0,0
Proline_POS,0,0,0,0,0
p4187_POS,0,0,0,0,0
p3156_POS,0,0,0,0,0
"1-{4-[(3S)-3-(5-Phenyl-1,3,4-oxadiazol-2-yl)-1-pyrrolidinyl]-1-piperidinyl}ethanone_POS",0,0,0,0,0
p5686_POS,0,0,0,0,0
p1242_POS,0,0,0,0,0
p2789_POS,0,0,0,0,0
p2612_POS,0,0,0,0,0
Tanomastat_NEG,0,0,0,0,0
n2883_NEG,0,0,0,0,0
n622_NEG,0,0,0,0,0
p4264_POS,0,0,0,0,0
p1853_POS,0,0,0,0,0
p4772_POS,0,0,0,0,0
p4461_POS,0,0,0,0,0
Cocaine_POS,0,0,0,0,0
p5776_POS,0,0,0,0,0
2-Furanmethanol_POS,0,0,0,0,0
p1063_POS,0,0,0,0,0
p5212_POS,0,0,0,0,0
p5731_POS,0,0,0,0,0
(S)-(+)-2-Amino-1-propanol_POS,0,0,0,0,0
p4287_POS,0,0,0,0,0
p4378_POS,0,0,0,0,0
p3794_POS,0,0,0,0,0
D3-Alanine-ISTD_POS,0,0,0,0,0
p2868_POS,0,0,0,0,0
Acetylhomoserine_POS,0,0,0,0,0
p2170_POS,0,0,0,0,0
n3603_NEG,0,0,0,0,0
p4111_POS,0,0,0,0,0
p3610_POS,0,0,0,0,0
Ethephon_POS,0,0,0,0,0
p448_POS,0,0,0,0,0
p2522_POS,0,0,0,0,0
p3802_POS,0,0,0,0,0
p897_POS,0,0,0,0,0
p1098_POS,0,0,0,0,0
Triisobutyl phosphate_POS,0,0,0,0,0
p5512_POS,0,0,0,0,0
p5415_POS,0,0,0,0,0
2-Hydroxy-4-oxopentanoic acid_NEG,0,0,0,0,0
p3425_POS,0,0,0,0,0
p3943_POS,0,0,0,0,0
p5106_POS,0,0,0,0,0
p4524_POS,0,0,0,0,0
p554_POS,0,0,0,0,0
"Bis(dethio)-10a-methylthio-3a-deoxy-3,3a-didehydrogliotoxin_POS",0,0,0,0,0
p3947_POS,0,0,0,0,0
p3690_POS,0,0,0,0,0
p3366_POS,0,0,0,0,0
Methylone_POS,0,0,0,0,0
p100_POS,0,0,0,0,0
4-Acetamidobutanoic acid_POS,0,0,0,0,0
2-Methylbutyroylcarnitine_NEG,0,0,0,0,0
WS75624 B_POS,0,0,0,0,0
"2-(2-Thienylmethylene)-1,6-dioxaspiro[4.4]non-3-ene_POS",0,0,0,0,0
p5153_POS,0,0,0,0,0
p4135_POS,0,0,0,0,0
p2932_POS,0,0,0,0,0
p1944_POS,0,0,0,0,0
p2826_POS,0,0,0,0,0
alpha-Ketoisovaleric acid_NEG,0,0,0,0,0
D-Serine_POS,0,0,0,0,0
p2327_POS,0,0,0,0,0
n3850_NEG,0,0,0,0,0
p730_POS,0,0,0,0,0
p1215_POS,0,0,0,0,0
n413_NEG,0,0,0,0,0
Ritodrine_POS,0,0,0,0,0
Benzoylecgonine_POS,0,0,0,0,0
p4740_POS,0,0,0,0,0
p2673_POS,0,0,0,0,0
p2181_POS,0,0,0,0,0
p3588_POS,0,0,0,0,0
L-Cystine_POS,0,0,0,0,0
p838_POS,0,0,0,0,0
O-Desmethylvenlafaxine_POS,0,0,0,0,0
p2545_POS,0,0,0,0,0
p1513_POS,0,0,0,0,0
N-Acetyl-L-carnosine_POS,0,0,0,0,0
p1753_POS,0,0,0,0,0
p793_POS,0,0,0,0,0
p3763_POS,0,0,0,0,0
p2809_POS,0,0,0,0,0
n1776_NEG,0,0,0,0,0
p4804_POS,0,0,0,0,0
p4616_POS,0,0,0,0,0
p4165_POS,0,0,0,0,0
p1339_POS,0,0,0,0,0
Bis(cyano-kappaC)iron_POS,0,0,0,0,0
p5485_POS,0,0,0,0,0
1-Methyl-4-nitroimidazole_POS,0,0,0,0,0
p4859_POS,0,0,0,0,0
n914_NEG,0,0,0,0,0
n3497_NEG,0,0,0,0,0
n3769_NEG,0,0,0,0,0
p3809_POS,0,0,0,0,0
Verapamil  metabolite D-617_POS,0,0,0,0,0
p2023_POS,0,0,0,0,0
Penicillamine disulfide_POS,0,0,0,0,0
n1471_NEG,0,0,0,0,0
p4888_POS,0,0,0,0,0
p2704_POS,0,0,0,0,0
p5723_POS,0,0,0,0,0
n1579_NEG,0,0,0,0,0
n3284_NEG,0,0,0,0,0
n3404_NEG,0,0,0,0,0
p1217_POS,0,0,0,0,0
p1647_POS,0,0,0,0,0
p3510_POS,0,0,0,0,0
n1513_NEG,0,0,0,0,0
p3468_POS,0,0,0,0,0
p4076_POS,0,0,0,0,0
n2312_NEG,0,0,0,0,0
p4752_POS,0,0,0,0,0
p1276_POS,0,0,0,0,0
n1685_NEG,0,0,0,0,0
p4476_POS,0,0,0,0,0
n3169_NEG,0,0,0,0,0
p4537_POS,0,0,0,0,0
p5551_POS,0,0,0,0,0
n309_NEG,0,0,0,0,0
p4746_POS,0,0,0,0,0
p4718_POS,0,0,0,0,0
p4800_POS,0,0,0,0,0
p5503_POS,0,0,0,0,0
p214_POS,0,0,0,0,0
p2967_POS,0,0,0,0,0
p3647_POS,0,0,0,0,0
p5146_POS,0,0,0,0,0
p5749_POS,0,0,0,0,0
p4817_POS,0,0,0,0,0
Suberic acid_POS,0,0,0,0,0
Guanine_POS,0,0,0,0,0
p3950_POS,0,0,0,0,0
p3497_POS,0,0,0,0,0
p411_POS,0,0,0,0,0
O-Desmethyl-lacosamide_POS,0,0,0,0,0
n3671_NEG,0,0,0,0,0
p2410_POS,0,0,0,0,0
3-Hydroxypyridine_POS,0,0,0,0,0
Acetyl-L-carnitine_POS,0,0,0,0,0
n2154_NEG,0,0,0,0,0
p4025_POS,0,0,0,0,0
p4641_POS,0,0,0,0,0
n1802_NEG,0,0,0,0,0
p2439_POS,0,0,0,0,0
D4-Taurine-ISTD_NEG,0,0,0,0,0
D-(-)-Lyxose_NEG,0,0,0,0,0
Miglitol_NEG,0,0,0,0,0
p461_POS,0,0,0,0,0
n1647_NEG,0,0,0,0,0
D3-Lactate_NEG,0,0,0,0,0
p5791_POS,0,0,0,0,0
p3127_POS,0,0,0,0,0
n101_NEG,0,0,0,0,0
p4213_POS,0,0,0,0,0
p3858_POS,0,0,0,0,0
Megazol_POS,0,0,0,0,0
Pyrrolidine_POS,0,0,0,0,0
p4492_POS,0,0,0,0,0
p1587_POS,0,0,0,0,0
p2387_POS,0,0,0,0,0
p1635_POS,0,0,0,0,0
n663_NEG,0,0,0,0,0
2-Oxopropyl 2-oxopropanoate_NEG,0,0,0,0,0
p2927_POS,0,0,0,0,0
p1425_POS,0,0,0,0,0
LysoPC(6:0/0:0)_POS,0,0,0,0,0
p337_POS,0,0,0,0,0
3-Hydroxyhexanoylcarnitine_POS,0,0,0,0,0
Etifoxine_POS,0,0,0,0,0
p1418_POS,0,0,0,0,0
p4117_POS,0,0,0,0,0
Benzatropine_POS,0,0,0,0,0
n489_NEG,0,0,0,0,0
n607_NEG,0,0,0,0,0
n1837_NEG,0,0,0,0,0
Dimethyl sulfone_POS,0,0,0,0,0
L-Isoleucine_POS,0,0,0,0,0
p5620_POS,0,0,0,0,0
p4628_POS,0,0,0,0,0
p3074_POS,0,0,0,0,0
p1020_POS,0,0,0,0,0
p2504_POS,0,0,0,0,0
NP-022371_POS,0,0,0,0,0
p4703_POS,0,0,0,0,0
p5108_POS,0,0,0,0,0
L-Citronellol glucoside_POS,0,0,0,0,0
p2788_POS,0,0,0,0,0
Neoenactin NL1_POS,0,0,0,0,0
p3611_POS,0,0,0,0,0
Fortimicin B_POS,0,0,0,0,0
p4385_POS,0,0,0,0,0
p5760_POS,0,0,0,0,0
Quinolonic acid_POS,0,0,0,0,0
n3756_NEG,0,0,0,0,0
p3988_POS,0,0,0,0,0
N-(4-Aminobutyl)-2-Naphthalenesulfonamide_POS,0,0,0,0,0
n1366_NEG,0,0,0,0,0
p2931_POS,0,0,0,0,0
p5304_POS,0,0,0,0,0
p5650_POS,0,0,0,0,0
p2190_POS,0,0,0,0,0
p4893_POS,0,0,0,0,0
p671_POS,0,0,0,0,0
p3938_POS,0,0,0,0,0
n455_NEG,0,0,0,0,0
p503_POS,0,0,0,0,0
n1536_NEG,0,0,0,0,0
n662_NEG,0,0,0,0,0
p1214_POS,0,0,0,0,0
n1654_NEG,0,0,0,0,0
n2197_NEG,0,0,0,0,0
p5598_POS,0,0,0,0,0
p2303_POS,0,0,0,0,0
p2020_POS,0,0,0,0,0
p4013_POS,0,0,0,0,0
p5688_POS,0,0,0,0,0
L-Kynurenine_POS,0,0,0,0,0
p4955_POS,0,0,0,0,0
p2074_POS,0,0,0,0,0
n656_NEG,0,0,0,0,0
p3351_POS,0,0,0,0,0
p1536_POS,0,0,0,0,0
p1911_POS,0,0,0,0,0
p223_POS,0,0,0,0,0
p5450_POS,0,0,0,0,0
n3080_NEG,0,0,0,0,0
2-Pyrrolidinone_POS,0,0,0,0,0
p5137_POS,0,0,0,0,0
Cyclo(D-Tyr- L-Leu)_POS,0,0,0,0,0
p2503_POS,0,0,0,0,0
p3711_POS,0,0,0,0,0
p2719_POS,0,0,0,0,0
p1749_POS,0,0,0,0,0
n898_NEG,0,0,0,0,0
n2632_NEG,0,0,0,0,0
NAPQI_POS,0,0,0,0,0
Imazamethabenz-methyl_POS,0,0,0,0,0
p4043_POS,0,0,0,0,0
n1927_NEG,0,0,0,0,0
3-Methylcrotonylglycine_POS,0,0,0,0,0
p5615_POS,0,0,0,0,0
L-Valine_NEG,0,0,0,0,0
n2285_NEG,0,0,0,0,0
Doxylamine_POS,0,0,0,0,0
p2624_POS,0,0,0,0,0
1-Methylinosine_POS,0,0,0,0,0
p3047_POS,0,0,0,0,0
p1022_POS,0,0,0,0,0
n1876_NEG,0,0,0,0,0
n2564_NEG,0,0,0,0,0
p4595_POS,0,0,0,0,0
p4189_POS,0,0,0,0,0
Tripelennamine_POS,0,0,0,0,0
p3225_POS,0,0,0,0,0
p12_POS,0,0,0,0,0
n2170_NEG,0,0,0,0,0
n1677_NEG,0,0,0,0,0
3-Methyluridine_POS,0,0,0,0,0
p2469_POS,0,0,0,0,0
p3472_POS,0,0,0,0,0
Malondialdehyde_POS,0,0,0,0,0
p2784_POS,0,0,0,0,0
p4159_POS,0,0,0,0,0
But-2-enedial_NEG,0,0,0,0,0
p2702_POS,0,0,0,0,0
n3129_NEG,0,0,0,0,0
p1824_POS,0,0,0,0,0
p487_POS,0,0,0,0,0
p1244_POS,0,0,0,0,0
p2772_POS,0,0,0,0,0
p2418_POS,0,0,0,0,0
Satranidazole_POS,0,0,0,0,0
p1953_POS,0,0,0,0,0
p2625_POS,0,0,0,0,0
p5527_POS,0,0,0,0,0
p5765_POS,0,0,0,0,0
p4127_POS,0,0,0,0,0
p2722_POS,0,0,0,0,0
p5309_POS,0,0,0,0,0
p2280_POS,0,0,0,0,0
p1624_POS,0,0,0,0,0
"3-(2-methylpropyl)-octahydropyrrolo[1,2-a]pyrazine-1,4-dione_POS",0,0,0,0,0
n357_NEG,0,0,0,0,0
p4973_POS,0,0,0,0,0
p3260_POS,0,0,0,0,0
5-Methyl-1H-pyrazole-3-carboxylic acid_POS,0,0,0,0,0
p427_POS,0,0,0,0,0
p4164_POS,0,0,0,0,0
3-(1H-benzo[d]imidazol-2-yl)-6-ethyl-7-hydroxy-4H-chromen-4-one_POS,0,0,0,0,0
p1756_POS,0,0,0,0,0
n2326_NEG,0,0,0,0,0
p2633_POS,0,0,0,0,0
Isobutyrylglycine_POS,0,0,0,0,0
n990_NEG,0,0,0,0,0
n3393_NEG,0,0,0,0,0
p2872_POS,0,0,0,0,0
Tomatidine_POS,0,0,0,0,0
p4243_POS,0,0,0,0,0
n1259_NEG,0,0,0,0,0
p3218_POS,0,0,0,0,0
"5-[({(2R,4S,5R)-5-[1-Methyl-3-(2-thienyl)-1H-pyrazol-5-yl]-1-azabicyclo[2.2.2]oct-2-yl}methyl)amino]-5-oxopentanoic acid_NEG",0,0,0,0,0
n3514_NEG,0,0,0,0,0
p3216_POS,0,0,0,0,0
p4350_POS,0,0,0,0,0
p1407_POS,0,0,0,0,0
p142_POS,0,0,0,0,0
Creatinine_POS,0,0,0,0,0
p3438_POS,0,0,0,0,0
p3822_POS,0,0,0,0,0
Mycosporine hydroxyglutamicol_POS,0,0,0,0,0
p3776_POS,0,0,0,0,0
n2672_NEG,0,0,0,0,0
p1754_POS,0,0,0,0,0
p984_POS,0,0,0,0,0
p995_POS,0,0,0,0,0
p2501_POS,0,0,0,0,0
n418_NEG,0,0,0,0,0
p3891_POS,0,0,0,0,0
p823_POS,0,0,0,0,0
p792_POS,0,0,0,0,0
2-(Methylsulfonyl)pyridine_POS,0,0,0,0,0
p3523_POS,0,0,0,0,0
p4987_POS,0,0,0,0,0
p340_POS,0,0,0,0,0
4-Hydroxy-2-butenoic acid gamma-lactone_POS,0,0,0,0,0
p1528_POS,0,0,0,0,0
p3306_POS,0,0,0,0,0
Lorbamate_POS,0,0,0,0,0
p964_POS,0,0,0,0,0
p5058_POS,0,0,0,0,0
n1436_NEG,0,0,0,0,0
Amoxicillin_POS,0,0,0,0,0
p1737_POS,0,0,0,0,0
p5335_POS,0,0,0,0,0
p1745_POS,0,0,0,0,0
p2500_POS,0,0,0,0,0
Gaburedin B_POS,0,0,0,0,0
Colletotricole A_POS,0,0,0,0,0
p4662_POS,0,0,0,0,0
p5221_POS,0,0,0,0,0
p4532_POS,0,0,0,0,0
n3817_NEG,0,0,0,0,0
p2748_POS,0,0,0,0,0
n3808_NEG,0,0,0,0,0
n2783_NEG,0,0,0,0,0
p902_POS,0,0,0,0,0
p2317_POS,0,0,0,0,0
p3906_POS,0,0,0,0,0
Nadolol_POS,0,0,0,0,0
p5782_POS,0,0,0,0,0
n3201_NEG,0,0,0,0,0
3-hydroxy-3-methylpentanedioic acid_POS,0,0,0,0,0
p2587_POS,0,0,0,0,0
n777_NEG,0,0,0,0,0
4-Thialysine_POS,0,0,0,0,0
p3064_POS,0,0,0,0,0
p927_POS,0,0,0,0,0
p5070_POS,0,0,0,0,0
3-Deoxy-D-glycero-D-galacto-2-nonulosonic acid_POS,0,0,0,0,0
p3998_POS,0,0,0,0,0
p1469_POS,0,0,0,0,0
Cimaterol_POS,0,0,0,0,0
p2480_POS,0,0,0,0,0
p5181_POS,0,0,0,0,0
n2245_NEG,0,0,0,0,0
p1269_POS,0,0,0,0,0
n1678_NEG,0,0,0,0,0
"( Z)-6-benzylidene-3-hydroxymethyl-1,4-dimethyl-3-methylsulfanylpiperazine-2,5-dione_POS",0,0,0,0,0
p4155_POS,0,0,0,0,0
n2614_NEG,0,0,0,0,0
p2114_POS,0,0,0,0,0
p1246_POS,0,0,0,0,0
"4,4'-Dihydroxydiphenylsulfone_NEG",0,0,0,0,0
p5690_POS,0,0,0,0,0
Leucylleucine methyl ester_POS,0,0,0,0,0
n1134_NEG,0,0,0,0,0
Threonine_NEG,0,0,0,0,0
p2161_POS,0,0,0,0,0
2'-Apo-beta-carotenal_POS,0,0,0,0,0
p5477_POS,0,0,0,0,0
p338_POS,0,0,0,0,0
p3128_POS,0,0,0,0,0
"[Similar to: Ethyl 3-hydroxy-5-methyl-6-oxo-1-phenyl-1,6-dihydropyrano[2,3-c]pyrazole-4-carboxylate; ΔMass: -46.0678 Da]_POS",0,0,0,0,0
p1363_POS,0,0,0,0,0
n2800_NEG,0,0,0,0,0
"2-Ethylidene-1,5-dimethyl-3,3-diphenylpyrrolidine (EDDP)_POS",0,0,0,0,0
p2640_POS,0,0,0,0,0
Leucylphenylalanine_POS,0,0,0,0,0
p1638_POS,0,0,0,0,0
"H2-D-erythro-Neopterin 2',3'-cyclic phosphate_POS",0,0,0,0,0
p4530_POS,0,0,0,0,0
n2770_NEG,0,0,0,0,0
p3284_POS,0,0,0,0,0
Ureidosuccinic acid_POS,0,0,0,0,0
Acycloguanosine_POS,0,0,0,0,0
p4044_POS,0,0,0,0,0
n200_NEG,0,0,0,0,0
p1738_POS,0,0,0,0,0
p4441_POS,0,0,0,0,0
p3180_POS,0,0,0,0,0
n2681_NEG,0,0,0,0,0
p687_POS,0,0,0,0,0
p5384_POS,0,0,0,0,0
p5142_POS,0,0,0,0,0
Succinic semialdehyde_NEG,0,0,0,0,0
n221_NEG,0,0,0,0,0
DL-Lactic Acid_NEG,0,0,0,0,0
p3166_POS,0,0,0,0,0
FOSAMINE_POS,0,0,0,0,0
p5630_POS,0,0,0,0,0
p177_POS,0,0,0,0,0
p810_POS,0,0,0,0,0
p3782_POS,0,0,0,0,0
n2687_NEG,0,0,0,0,0
p1110_POS,0,0,0,0,0
p1585_POS,0,0,0,0,0
n1684_NEG,0,0,0,0,0
n2413_NEG,0,0,0,0,0
p4383_POS,0,0,0,0,0
n2980_NEG,0,0,0,0,0
p5556_POS,0,0,0,0,0
p3572_POS,0,0,0,0,0
p362_POS,0,0,0,0,0
p5059_POS,0,0,0,0,0
p4223_POS,0,0,0,0,0
p929_POS,0,0,0,0,0
p5672_POS,0,0,0,0,0
L-threonyl-AMP_POS,0,0,0,0,0
n1577_NEG,0,0,0,0,0
p167_POS,0,0,0,0,0
p2375_POS,0,0,0,0,0
p4114_POS,0,0,0,0,0
p2019_POS,0,0,0,0,0
D-(+)-Maltose_POS,0,0,0,0,0
p2830_POS,0,0,0,0,0
p4071_POS,0,0,0,0,0
p2641_POS,0,0,0,0,0
n2857_NEG,0,0,0,0,0
Aspartyl-Histidine_NEG,0,0,0,0,0
p5724_POS,0,0,0,0,0
n3831_NEG,0,0,0,0,0
p3056_POS,0,0,0,0,0
p3385_POS,0,0,0,0,0
"[Similar to: N1-(4,5-dihydro-1,3-thiazol-2-yl)-2-(2,4-dichlorophenoxy)propanamide; ΔMass: -136.0195 Da]_NEG",0,0,0,0,0
n2093_NEG,0,0,0,0,0
L-Aspartate-semialdehyde_POS,0,0,0,0,0
p4637_POS,0,0,0,0,0
N-acetyl zonisamide_POS,0,0,0,0,0
Cyclopentylamine_POS,0,0,0,0,0
Norfuraneol_POS,0,0,0,0,0
p1567_POS,0,0,0,0,0
p4582_POS,0,0,0,0,0
Lidocaine N-oxide_POS,0,0,0,0,0
p908_POS,0,0,0,0,0
p1417_POS,0,0,0,0,0
p5134_POS,0,0,0,0,0
p1389_POS,0,0,0,0,0
n3067_NEG,0,0,0,0,0
n2854_NEG,0,0,0,0,0
p2104_POS,0,0,0,0,0
p78_POS,0,0,0,0,0
n3356_NEG,0,0,0,0,0
p729_POS,0,0,0,0,0
p3918_POS,0,0,0,0,0
p3830_POS,0,0,0,0,0
1-(2-Furylmethyl)-5-oxopyrrolidine-3-carboxylic acid_NEG,0,0,0,0,0
[Similar to: Creatine; ΔMass: 67.9874 Da]_NEG,0,0,0,0,0
p2682_POS,0,0,0,0,0
p1352_POS,0,0,0,0,0
n3611_NEG,0,0,0,0,0
p2313_POS,0,0,0,0,0
p1484_POS,0,0,0,0,0
p1181_POS,0,0,0,0,0
n1350_NEG,0,0,0,0,0
N-gamma-Glutamylglutamine_POS,0,0,0,0,0
Squamolone_POS,0,0,0,0,0
n2265_NEG,0,0,0,0,0
p1424_POS,0,0,0,0,0
p3197_POS,0,0,0,0,0
p3343_POS,0,0,0,0,0
n1859_NEG,0,0,0,0,0
p1793_POS,0,0,0,0,0
Chloric acid_NEG,0,0,0,0,0
p4527_POS,0,0,0,0,0
3-hydroxyoctanoyl carnitine_POS,0,0,0,0,0
p5701_POS,0,0,0,0,0
n1676_NEG,0,0,0,0,0
p695_POS,0,0,0,0,0
p5459_POS,0,0,0,0,0
n2417_NEG,0,0,0,0,0
p4716_POS,0,0,0,0,0
p4841_POS,0,0,0,0,0
p846_POS,0,0,0,0,0
p3322_POS,0,0,0,0,0
p1255_POS,0,0,0,0,0
p3221_POS,0,0,0,0,0
p4207_POS,0,0,0,0,0
p4603_POS,0,0,0,0,0
p4372_POS,0,0,0,0,0
Diphenhydramine_POS,0,0,0,0,0
4-Nitrophenyl beta-D-xyloside_POS,0,0,0,0,0
p1891_POS,0,0,0,0,0
p2026_POS,0,0,0,0,0
5-amino-N'-{[4-(benzyloxy)phenyl]methylene}-1-phenyl-1H-pyrazole-4-carbohydrazide_POS,0,0,0,0,0
p2551_POS,0,0,0,0,0
n1672_NEG,0,0,0,0,0
"4-[2-(2-oxo-1-imidazolidinyl)ethyl]-1lambda~6~,4-thiazinane-1,1-dione_POS",0,0,0,0,0
p3733_POS,0,0,0,0,0
p5655_POS,0,0,0,0,0
p4862_POS,0,0,0,0,0
n3008_NEG,0,0,0,0,0
n3646_NEG,0,0,0,0,0
n1734_NEG,0,0,0,0,0
p19_POS,0,0,0,0,0
p1342_POS,0,0,0,0,0
n8_NEG,0,0,0,0,0
p3066_POS,0,0,0,0,0
n1860_NEG,0,0,0,0,0
p2853_POS,0,0,0,0,0
p4073_POS,0,0,0,0,0
1-Phenyl-1-pentanone_POS,0,0,0,0,0
p5149_POS,0,0,0,0,0
p2164_POS,0,0,0,0,0
n1119_NEG,0,0,0,0,0
p3553_POS,0,0,0,0,0
p3869_POS,0,0,0,0,0
"3,3-dimethyl-5-oxo-5-(2-piperidinoanilino)pentanoic acid_NEG",0,0,0,0,0
Phosphate_NEG,0,0,0,0,0
p2824_POS,0,0,0,0,0
p3713_POS,0,0,0,0,0
p5081_POS,0,0,0,0,0
n3447_NEG,0,0,0,0,0
n2032_NEG,0,0,0,0,0
p2197_POS,0,0,0,0,0
n276_NEG,0,0,0,0,0
p54_POS,0,0,0,0,0
2-Furancarboxaldehyde_NEG,0,0,0,0,0
"(2S,4R)-4-Aminopyrrolidine-2-carboxylic acid_POS",0,0,0,0,0
p4977_POS,0,0,0,0,0
Endothion_POS,0,0,0,0,0
2-Amino-5-isopentyl-6-methylpyrimidin-4-ol_POS,0,0,0,0,0
L-Glutamic acid_POS,0,0,0,0,0
n2755_NEG,0,0,0,0,0
2-Ethylpyrazine_POS,0,0,0,0,0
[Similar to: NP-004031; ΔMass: -416.3678 Da]_NEG,0,0,0,0,0
p3752_POS,0,0,0,0,0
n3153_NEG,0,0,0,0,0
p2635_POS,0,0,0,0,0
p272_POS,0,0,0,0,0
Hydroxy bupropion_POS,0,0,0,0,0
Cotinine N-oxide_POS,0,0,0,0,0
[Similar to: Threonine; ΔMass: 83.9612 Da]_NEG,0,0,0,0,0
n1095_NEG,0,0,0,0,0
n2148_NEG,0,0,0,0,0
Mevalonic acid_POS,0,0,0,0,0
Furodazole_NEG,0,0,0,0,0
p1665_POS,0,0,0,0,0
p4129_POS,0,0,0,0,0
"[6-(5-Chloropyridin-2-yl)-7-hydroxypyrrolo[3,4-b]pyrazin-5-yl] 4-methylpiperazine-1-carboxylate_POS",0,0,0,0,0
p5730_POS,0,0,0,0,0
n2808_NEG,0,0,0,0,0
p3903_POS,0,0,0,0,0
n1669_NEG,0,0,0,0,0
Tolmetin_POS,0,0,0,0,0
"(2,6-dimethylpiperidino)(3,4,5-trimethoxyphenyl)methanone_POS",0,0,0,0,0
p2638_POS,0,0,0,0,0
p2936_POS,0,0,0,0,0
p3955_POS,0,0,0,0,0
p469_POS,0,0,0,0,0
p1386_POS,0,0,0,0,0
p5720_POS,0,0,0,0,0
p21_POS,0,0,0,0,0
p2948_POS,0,0,0,0,0
p5727_POS,0,0,0,0,0
p940_POS,0,0,0,0,0
p5781_POS,0,0,0,0,0
p2105_POS,0,0,0,0,0
p4403_POS,0,0,0,0,0
n2040_NEG,0,0,0,0,0
p657_POS,0,0,0,0,0
p2219_POS,0,0,0,0,0
L-Histidine_POS,0,0,0,0,0
2-Hydroxyquinoline_POS,0,0,0,0,0
p5003_POS,0,0,0,0,0
p5734_POS,0,0,0,0,0
p5004_POS,0,0,0,0,0
n2606_NEG,0,0,0,0,0
"7-(2-thienyl)[1,2,4]triazolo[4,3-a]pyrimidine_POS",0,0,0,0,0
p302_POS,0,0,0,0,0
p4812_POS,0,0,0,0,0
p139_POS,0,0,0,0,0
n3820_NEG,0,0,0,0,0
"N-methyl-4,6,7-trihydroxy-1,2,3,4-tetrahydroisoquinoline_POS",0,0,0,0,0
n3802_NEG,0,0,0,0,0
p341_POS,0,0,0,0,0
Loratadine_POS,0,0,0,0,0
n105_NEG,0,0,0,0,0
n3291_NEG,0,0,0,0,0
p306_POS,0,0,0,0,0
p782_POS,0,0,0,0,0
p365_POS,0,0,0,0,0
p385_POS,0,0,0,0,0
p781_POS,0,0,0,0,0
p3007_POS,0,0,0,0,0
p2955_POS,0,0,0,0,0
p1126_POS,0,0,0,0,0
"5-(methoxymethyl)-2-(2-thienyl)-4,7-dihydropyrazolo[1,5-a]pyrimidin-7-one_NEG",0,0,0,0,0
p3532_POS,0,0,0,0,0
TRIETHYLENE GLYCOL_POS,0,0,0,0,0
p1862_POS,0,0,0,0,0
p2595_POS,0,0,0,0,0
DL-α-Aminocaprylic acid_POS,0,0,0,0,0
p482_POS,0,0,0,0,0
p3912_POS,0,0,0,0,0
p3617_POS,0,0,0,0,0
p3070_POS,0,0,0,0,0
n2807_NEG,0,0,0,0,0
n2239_NEG,0,0,0,0,0
p4636_POS,0,0,0,0,0
p3162_POS,0,0,0,0,0
"3-[(4-Chlorophenyl)thio]-6-(3,5-dimethyl-1H-pyrazol-1-yl)pyridazine_POS",0,0,0,0,0
p2737_POS,0,0,0,0,0
p2861_POS,0,0,0,0,0
PEG n8_POS,0,0,0,0,0
p3850_POS,0,0,0,0,0
morpholino(quinolin-6-yl)methanone_POS,0,0,0,0,0
p2851_POS,0,0,0,0,0
p3819_POS,0,0,0,0,0
p3063_POS,0,0,0,0,0
p2899_POS,0,0,0,0,0
n1309_NEG,0,0,0,0,0
p4272_POS,0,0,0,0,0
p180_POS,0,0,0,0,0
p1475_POS,0,0,0,0,0
p4376_POS,0,0,0,0,0
p2203_POS,0,0,0,0,0
Hypocrellutin A_POS,0,0,0,0,0
N-carboxyethyl dimethyl ammonio propyl perfluorodecane sulfonamido propanoic acid;N-carboxyethyl dimethyl ammonio propyl perfluorodecane sulfonamido propanoic acid;sulfonamido (propyl carboxylate) propyl dimethyl amino propyl carboxylate_POS,0,0,0,0,0
3-Hydroxymonoethylglycinexylidide_POS,0,0,0,0,0
p5433_POS,0,0,0,0,0
p4060_POS,0,0,0,0,0
p4851_POS,0,0,0,0,0
p1650_POS,0,0,0,0,0
n3171_NEG,0,0,0,0,0
p2695_POS,0,0,0,0,0
tetrahomomethionine_POS,0,0,0,0,0
p694_POS,0,0,0,0,0
n1125_NEG,0,0,0,0,0
p1546_POS,0,0,0,0,0
p5280_POS,0,0,0,0,0
n2029_NEG,0,0,0,0,0
p2109_POS,0,0,0,0,0
p2156_POS,0,0,0,0,0
p1779_POS,0,0,0,0,0
Tetramethylene sulfoxide_POS,0,0,0,0,0
p3065_POS,0,0,0,0,0
n850_NEG,0,0,0,0,0
p3684_POS,0,0,0,0,0
p5377_POS,0,0,0,0,0
p3667_POS,0,0,0,0,0
p3257_POS,0,0,0,0,0
n3694_NEG,0,0,0,0,0
[Similar to: DL-Arginine; ΔMass: 180.0636 Da]_NEG,0,0,0,0,0
p5179_POS,0,0,0,0,0
p1104_POS,0,0,0,0,0
n3088_NEG,0,0,0,0,0
n3940_NEG,0,0,0,0,0
p4606_POS,0,0,0,0,0
p508_POS,0,0,0,0,0
n2397_NEG,0,0,0,0,0
L-Phenylalanine_POS,0,0,0,0,0
p5769_POS,0,0,0,0,0
p5463_POS,0,0,0,0,0
NP-020535_POS,0,0,0,0,0
p630_POS,0,0,0,0,0
p4914_POS,0,0,0,0,0
p5785_POS,0,0,0,0,0
Penerpene I_POS,0,0,0,0,0
p639_POS,0,0,0,0,0
n1819_NEG,0,0,0,0,0
n1351_NEG,0,0,0,0,0
n2394_NEG,0,0,0,0,0
p5156_POS,0,0,0,0,0
gamma-Butyrolactone_NEG,0,0,0,0,0
n2599_NEG,0,0,0,0,0
p1590_POS,0,0,0,0,0
p1993_POS,0,0,0,0,0
n318_NEG,0,0,0,0,0
p1700_POS,0,0,0,0,0
p2435_POS,0,0,0,0,0
p1002_POS,0,0,0,0,0
"2,2,4-Trimethyl-1,3-dioxolane_POS",0,0,0,0,0
p2082_POS,0,0,0,0,0
p3747_POS,0,0,0,0,0
p5176_POS,0,0,0,0,0
n304_NEG,0,0,0,0,0
N-cyclooctylurea_POS,0,0,0,0,0
p1300_POS,0,0,0,0,0
[Similar to: L-Threonic acid; ΔMass: 67.9873 Da]_NEG,0,0,0,0,0
p5288_POS,0,0,0,0,0
p3475_POS,0,0,0,0,0
p2683_POS,0,0,0,0,0
[Similar to: N2-[3-(Trifluoromethyl)phenyl]-5-[2-(methylthio)pyrimidin-4-yl]thiophene-2-sulfonamide; ΔMass: 35.9766 Da]_NEG,0,0,0,0,0
Trichosorbicillin G_POS,0,0,0,0,0
p1755_POS,0,0,0,0,0
p456_POS,0,0,0,0,0
p2093_POS,0,0,0,0,0
Pyruvic acid_NEG,0,0,0,0,0
n523_NEG,0,0,0,0,0
Tolyporphin C_POS,0,0,0,0,0
2-Aminoisobutyric acid_POS,0,0,0,0,0
p2174_POS,0,0,0,0,0
p3308_POS,0,0,0,0,0
n2178_NEG,0,0,0,0,0
p1481_POS,0,0,0,0,0
p3212_POS,0,0,0,0,0
p3134_POS,0,0,0,0,0
Azetidomonamide A_POS,0,0,0,0,0
p3907_POS,0,0,0,0,0
p5107_POS,0,0,0,0,0
[Similar to: Asparagine; ΔMass: 67.9873 Da]_NEG,0,0,0,0,0
"1-Phenylhexahydropyridazine-3,6-dione_POS",0,0,0,0,0
"1-(2,2-Dichloroethyl)-1-nitrosourea_POS",0,0,0,0,0
p3919_POS,0,0,0,0,0
n1874_NEG,0,0,0,0,0
p5333_POS,0,0,0,0,0
p3422_POS,0,0,0,0,0
p2865_POS,0,0,0,0,0
p3424_POS,0,0,0,0,0
p3252_POS,0,0,0,0,0
p1468_POS,0,0,0,0,0
n1793_NEG,0,0,0,0,0
p4704_POS,0,0,0,0,0
n1506_NEG,0,0,0,0,0
Caprolactin A_POS,0,0,0,0,0
Isobutyric acid_POS,0,0,0,0,0
p5187_POS,0,0,0,0,0
p3379_POS,0,0,0,0,0
"N'-{6-[(5-chloro-3-pyridyl)oxy]-3-pyridyl}-N,N-dimethyliminoformamide_POS",0,0,0,0,0
p3294_POS,0,0,0,0,0
4-Hydroxyproline_NEG,0,0,0,0,0
n2281_NEG,0,0,0,0,0
Taurine_NEG,0,0,0,0,0
p2857_POS,0,0,0,0,0
n2473_NEG,0,0,0,0,0
p5543_POS,0,0,0,0,0
p5128_POS,0,0,0,0,0
p2781_POS,0,0,0,0,0
p4506_POS,0,0,0,0,0
"4-(3,4-dimethylphenyl)-1-thia-4-azaspiro[4.5]decan-3-one_POS",0,0,0,0,0
"5?[(1E)?2?[4?(dimethylamino)phenyl]diazen?1?yl]pyrimidine?2,4,6?triamine_POS",0,0,0,0,0
p3219_POS,0,0,0,0,0
p937_POS,0,0,0,0,0
p3905_POS,0,0,0,0,0
(+-)-trans-3-Methyl norfentanyl_POS,0,0,0,0,0
p4133_POS,0,0,0,0,0
p3222_POS,0,0,0,0,0
p5215_POS,0,0,0,0,0
p187_POS,0,0,0,0,0
n3638_NEG,0,0,0,0,0
p2126_POS,0,0,0,0,0
p2409_POS,0,0,0,0,0
p2957_POS,0,0,0,0,0
p3922_POS,0,0,0,0,0
3-Hydroxybupivicaine_POS,0,0,0,0,0
p4009_POS,0,0,0,0,0
p1123_POS,0,0,0,0,0
n2917_NEG,0,0,0,0,0
Asparagine_POS,0,0,0,0,0
p1892_POS,0,0,0,0,0
p3793_POS,0,0,0,0,0
n651_NEG,0,0,0,0,0
p1507_POS,0,0,0,0,0
Rigidiusculamide A_POS,0,0,0,0,0
"2-(2,6-dimethoxyphenyl)-5,6-dimethoxy-4H-chromen-4-one_POS",0,0,0,0,0
p2634_POS,0,0,0,0,0
n3543_NEG,0,0,0,0,0
p3344_POS,0,0,0,0,0
p3870_POS,0,0,0,0,0
Validoxylamine G_POS,0,0,0,0,0
2-Aminothiazole_POS,0,0,0,0,0
p3474_POS,0,0,0,0,0
n2275_NEG,0,0,0,0,0
n1974_NEG,0,0,0,0,0
n1114_NEG,0,0,0,0,0
p1817_POS,0,0,0,0,0
p1436_POS,0,0,0,0,0
n2282_NEG,0,0,0,0,0
p1887_POS,0,0,0,0,0
(5R)-5-Hydroxyhexanoic acid_POS,0,0,0,0,0
n2187_NEG,0,0,0,0,0
n2444_NEG,0,0,0,0,0
p2597_POS,0,0,0,0,0
p2958_POS,0,0,0,0,0
p3129_POS,0,0,0,0,0
n2439_NEG,0,0,0,0,0
p3258_POS,0,0,0,0,0
p5042_POS,0,0,0,0,0
p294_POS,0,0,0,0,0
p2049_POS,0,0,0,0,0
p5532_POS,0,0,0,0,0
D3-Alanine_POS,0,0,0,0,0
n2059_NEG,0,0,0,0,0
p2665_POS,0,0,0,0,0
p1044_POS,0,0,0,0,0
N'-Hydroxy-4-pentylbenzenecarboximidamide_POS,0,0,0,0,0
Acetylcholine_POS,0,0,0,0,0
n2815_NEG,0,0,0,0,0
p3534_POS,0,0,0,0,0
p5011_POS,0,0,0,0,0
p28_POS,0,0,0,0,0
p502_POS,0,0,0,0,0
p983_POS,0,0,0,0,0
p3963_POS,0,0,0,0,0
p917_POS,0,0,0,0,0
4-Hydroxybenzotriazole_POS,0,0,0,0,0
n406_NEG,0,0,0,0,0
n3935_NEG,0,0,0,0,0
n991_NEG,0,0,0,0,0
Cysteineglutathione disulfide_POS,0,0,0,0,0
n2674_NEG,0,0,0,0,0
p149_POS,0,0,0,0,0
n3100_NEG,0,0,0,0,0
p2332_POS,0,0,0,0,0
p5291_POS,0,0,0,0,0
"2,3,5-Hexanetrione_POS",0,0,0,0,0
n2382_NEG,0,0,0,0,0
n2856_NEG,0,0,0,0,0
p901_POS,0,0,0,0,0
p4590_POS,0,0,0,0,0
p767_POS,0,0,0,0,0
p1256_POS,0,0,0,0,0
p874_POS,0,0,0,0,0
p5538_POS,0,0,0,0,0
p3356_POS,0,0,0,0,0
p3359_POS,0,0,0,0,0
p5548_POS,0,0,0,0,0
Bicine_NEG,0,0,0,0,0
p2988_POS,0,0,0,0,0
p754_POS,0,0,0,0,0
p2098_POS,0,0,0,0,0
p443_POS,0,0,0,0,0
p5301_POS,0,0,0,0,0
p3247_POS,0,0,0,0,0
n2578_NEG,0,0,0,0,0
Linustatin_POS,0,0,0,0,0
(E)-3-Tosylacrylonitrile_NEG,0,0,0,0,0
p3286_POS,0,0,0,0,0
p3538_POS,0,0,0,0,0
Medicoside L_POS,0,0,0,0,0
n1929_NEG,0,0,0,0,0
p3416_POS,0,0,0,0,0
p5315_POS,0,0,0,0,0
n195_NEG,0,0,0,0,0
p4438_POS,0,0,0,0,0
p4163_POS,0,0,0,0,0
p1607_POS,0,0,0,0,0
p2852_POS,0,0,0,0,0
N-Desmethyltramadol_POS,0,0,0,0,0
p1517_POS,0,0,0,0,0
"(2R)-2,3-Dihydroxypropanoic acid_NEG",0,0,0,0,0
n3023_NEG,0,0,0,0,0
p3050_POS,0,0,0,0,0
p2421_POS,0,0,0,0,0
n1223_NEG,0,0,0,0,0
p268_POS,0,0,0,0,0
p1408_POS,0,0,0,0,0
p238_POS,0,0,0,0,0
5-Oxozaleplon_POS,0,0,0,0,0
p4161_POS,0,0,0,0,0
Nα-{[(2R)-1-(4-morpholinylcarbonyl)-2-piperazinyl]carbonyl}-D-tryptophanamide_POS,0,0,0,0,0
(2-Ethylcrotonoyl)urea_POS,0,0,0,0,0
p2160_POS,0,0,0,0,0
p2339_POS,0,0,0,0,0
p3398_POS,0,0,0,0,0
p15_POS,0,0,0,0,0
n1537_NEG,0,0,0,0,0
Methyl dioxindole-3-acetate_POS,0,0,0,0,0
7-Hydroxygliclazide_POS,0,0,0,0,0
n317_NEG,0,0,0,0,0
n843_NEG,0,0,0,0,0
p5478_POS,0,0,0,0,0
n3546_NEG,0,0,0,0,0
n417_NEG,0,0,0,0,0
p3293_POS,0,0,0,0,0
(x)-2-Heptanol glucoside_POS,0,0,0,0,0
p3163_POS,0,0,0,0,0
N-Acetyldopamine_POS,0,0,0,0,0
p1416_POS,0,0,0,0,0
"1-(Hydroxymethyl)-5,5-dimethyl-2,4-imidazolidinedione_POS",0,0,0,0,0
p4147_POS,0,0,0,0,0
n3634_NEG,0,0,0,0,0
p3920_POS,0,0,0,0,0
p2544_POS,0,0,0,0,0
p5353_POS,0,0,0,0,0
p2797_POS,0,0,0,0,0
Tetraethylene glycol_POS,0,0,0,0,0
PC(24:0/6 keto-PGF1alpha)_POS,0,0,0,0,0
n3897_NEG,0,0,0,0,0
Morpholine_POS,0,0,0,0,0
p1548_POS,0,0,0,0,0
p2108_POS,0,0,0,0,0
n1534_NEG,0,0,0,0,0
n2741_NEG,0,0,0,0,0
Dextromethorphan hydrobromide_POS,0,0,0,0,0
p2793_POS,0,0,0,0,0
n587_NEG,0,0,0,0,0
n2676_NEG,0,0,0,0,0
p449_POS,0,0,0,0,0
p685_POS,0,0,0,0,0
n1757_NEG,0,0,0,0,0
"L-2,4-Diaminobutyric acid_POS",0,0,0,0,0
p1396_POS,0,0,0,0,0
n2033_NEG,0,0,0,0,0
p4629_POS,0,0,0,0,0
p4917_POS,0,0,0,0,0
p5214_POS,0,0,0,0,0
p5772_POS,0,0,0,0,0
p1550_POS,0,0,0,0,0
p3377_POS,0,0,0,0,0
n3338_NEG,0,0,0,0,0
n2618_NEG,0,0,0,0,0
p2053_POS,0,0,0,0,0
p454_POS,0,0,0,0,0
Propyliodone_POS,0,0,0,0,0
n3062_NEG,0,0,0,0,0
(Z)-4-Heptenal_POS,0,0,0,0,0
n2746_NEG,0,0,0,0,0
Dihydrothymine_NEG,0,0,0,0,0
n250_NEG,0,0,0,0,0
2-Hydroxy-3-methylpentanoic acid_POS,0,0,0,0,0
gamma-Glutamyl-beta-aminopropiononitrile_POS,0,0,0,0,0
n2664_NEG,0,0,0,0,0
p4413_POS,0,0,0,0,0
p4868_POS,0,0,0,0,0
n2370_NEG,0,0,0,0,0
p962_POS,0,0,0,0,0
p2808_POS,0,0,0,0,0
p722_POS,0,0,0,0,0
L-Threonine_POS,0,0,0,0,0
"(2R,3R,4R)-2-Amino-4-hydroxy-3-methylpentanoic acid_POS",0,0,0,0,0
Acetohydroxamic acid_POS,0,0,0,0,0
p2750_POS,0,0,0,0,0
p1308_POS,0,0,0,0,0
p4739_POS,0,0,0,0,0
p5542_POS,0,0,0,0,0
D3-Lactate-ISTD_NEG,0,0,0,0,0
"4-(3-Methyl-1-butenyl)-3,3',4',5-tetrahydroxystilbene_NEG",0,0,0,0,0
p3014_POS,0,0,0,0,0
p1506_POS,0,0,0,0,0
Barbital_POS,0,0,0,0,0
p3019_POS,0,0,0,0,0
p2993_POS,0,0,0,0,0
n3332_NEG,0,0,0,0,0
p1734_POS,0,0,0,0,0
Cefalexin_POS,0,0,0,0,0
p316_POS,0,0,0,0,0
p3493_POS,0,0,0,0,0
p4154_POS,0,0,0,0,0
"4-cyclopropyl-5-sulfanyl-4H-1,2,4-triazol-3-ol_POS",0,0,0,0,0
n2640_NEG,0,0,0,0,0
p4657_POS,0,0,0,0,0
p1099_POS,0,0,0,0,0
p3509_POS,0,0,0,0,0
p2333_POS,0,0,0,0,0
p1438_POS,0,0,0,0,0
"1-Phenylheptane-1,5-dione_POS",0,0,0,0,0
p5285_POS,0,0,0,0,0
p2022_POS,0,0,0,0,0
p2904_POS,0,0,0,0,0
p3937_POS,0,0,0,0,0
p1075_POS,0,0,0,0,0
n2369_NEG,0,0,0,0,0
p2934_POS,0,0,0,0,0
p4505_POS,0,0,0,0,0
Methoxyphenamine_POS,0,0,0,0,0
p3785_POS,0,0,0,0,0
p766_POS,0,0,0,0,0
p3593_POS,0,0,0,0,0
5-Methylquinoxaline_POS,0,0,0,0,0
n2643_NEG,0,0,0,0,0
p3078_POS,0,0,0,0,0
Taxifolin_POS,0,0,0,0,0
4'-Fluoro-pyrrolidinohexanophenone_POS,0,0,0,0,0
p236_POS,0,0,0,0,0
p3750_POS,0,0,0,0,0
p3133_POS,0,0,0,0,0
p435_POS,0,0,0,0,0
n899_NEG,0,0,0,0,0
Diisopropylphosphate_NEG,0,0,0,0,0
p4598_POS,0,0,0,0,0
p297_POS,0,0,0,0,0
n2089_NEG,0,0,0,0,0
Laxaphycin E_POS,0,0,0,0,0
p293_POS,0,0,0,0,0
p1065_POS,0,0,0,0,0
n802_NEG,0,0,0,0,0
L-Glutamine_POS,0,0,0,0,0
p2492_POS,0,0,0,0,0
Trinitrosotrimethylenetriamine_POS,0,0,0,0,0
(9E)-10-nitrooctadecenoic Acid_POS,0,0,0,0,0
Ethyl 3-hydroxydodecanoate_POS,0,0,0,0,0
p4134_POS,0,0,0,0,0
n1528_NEG,0,0,0,0,0
2-Naphthylaminomethyl-gamma-aminobutyric acid_POS,0,0,0,0,0
methyl isoquinoline-3-carboxylate_POS,0,0,0,0,0
n2682_NEG,0,0,0,0,0
n234_NEG,0,0,0,0,0
p3458_POS,0,0,0,0,0
n2734_NEG,0,0,0,0,0
"N,N-Didesmethylvenlafaxine_POS",0,0,0,0,0
L-beta-aspartyl-L-alanine_POS,0,0,0,0,0
p3798_POS,0,0,0,0,0
p464_POS,0,0,0,0,0
1-Hydroxybenzotriazol_POS,0,0,0,0,0
p3951_POS,0,0,0,0,0
p1465_POS,0,0,0,0,0
n893_NEG,0,0,0,0,0
n1280_NEG,0,0,0,0,0
p1362_POS,0,0,0,0,0
p3838_POS,0,0,0,0,0
n3204_NEG,0,0,0,0,0
Meperidine_POS,0,0,0,0,0
Glutaminylglutamine_POS,0,0,0,0,0
p4360_POS,0,0,0,0,0
N-Lactoylleucine_POS,0,0,0,0,0
p1659_POS,0,0,0,0,0
p5049_POS,0,0,0,0,0
p2858_POS,0,0,0,0,0
n3417_NEG,0,0,0,0,0
n233_NEG,0,0,0,0,0
n2116_NEG,0,0,0,0,0
p250_POS,0,0,0,0,0
[Similar to: L-Threonic acid; ΔMass: 67.9747 Da]_NEG,0,0,0,0,0
[Similar to: L-Threonic acid; ΔMass: 112.0010 Da]_NEG,0,0,0,0,0
n3606_NEG,0,0,0,0,0
p5693_POS,0,0,0,0,0
p1805_POS,0,0,0,0,0
p700_POS,0,0,0,0,0
n1365_NEG,0,0,0,0,0
p5408_POS,0,0,0,0,0
n682_NEG,0,0,0,0,0
n3565_NEG,0,0,0,0,0
p2130_POS,0,0,0,0,0
p1813_POS,0,0,0,0,0
1-Methoxy-1H-indole-3-acetonitrile_POS,0,0,0,0,0
p944_POS,0,0,0,0,0
p4647_POS,0,0,0,0,0
p4462_POS,0,0,0,0,0
p480_POS,0,0,0,0,0
2-(methylthio)-4-(3-pyridyl)pyrimidine_POS,0,0,0,0,0
p2452_POS,0,0,0,0,0
p839_POS,0,0,0,0,0
p5539_POS,0,0,0,0,0
p1187_POS,0,0,0,0,0
p741_POS,0,0,0,0,0
p2300_POS,0,0,0,0,0
p1920_POS,0,0,0,0,0
p1351_POS,0,0,0,0,0
p2423_POS,0,0,0,0,0
p1606_POS,0,0,0,0,0
Nalidixic Acid_NEG,0,0,0,0,0
p4902_POS,0,0,0,0,0
p5773_POS,0,0,0,0,0
p1859_POS,0,0,0,0,0
Citrulline_NEG,0,0,0,0,0
p3205_POS,0,0,0,0,0
n1356_NEG,0,0,0,0,0
Ethyl 4-(2-methoxyphenyl)piperazine-1-carboxylate_POS,0,0,0,0,0
p5097_POS,0,0,0,0,0
p1491_POS,0,0,0,0,0
p1222_POS,0,0,0,0,0
p3965_POS,0,0,0,0,0
p1262_POS,0,0,0,0,0
acutumidine_POS,0,0,0,0,0
p1046_POS,0,0,0,0,0
n2058_NEG,0,0,0,0,0
n3217_NEG,0,0,0,0,0
p2965_POS,0,0,0,0,0
n3391_NEG,0,0,0,0,0
n2492_NEG,0,0,0,0,0
n3887_NEG,0,0,0,0,0
n3575_NEG,0,0,0,0,0
p1208_POS,0,0,0,0,0
p5170_POS,0,0,0,0,0
p2652_POS,0,0,0,0,0
p1657_POS,0,0,0,0,0
p965_POS,0,0,0,0,0
p5372_POS,0,0,0,0,0
(S)-3-[(Cyanophenylmethyl)amino]-3-oxopropanoic acid_POS,0,0,0,0,0
p1277_POS,0,0,0,0,0
p2870_POS,0,0,0,0,0
p2198_POS,0,0,0,0,0
n3140_NEG,0,0,0,0,0
p206_POS,0,0,0,0,0
p2791_POS,0,0,0,0,0
p3799_POS,0,0,0,0,0
p2311_POS,0,0,0,0,0
p4541_POS,0,0,0,0,0
p4254_POS,0,0,0,0,0
p1422_POS,0,0,0,0,0
n3175_NEG,0,0,0,0,0
p3817_POS,0,0,0,0,0
p5660_POS,0,0,0,0,0
N-Cyclohexyltaurine_POS,0,0,0,0,0
p3972_POS,0,0,0,0,0
p1224_POS,0,0,0,0,0
n1512_NEG,0,0,0,0,0
p1865_POS,0,0,0,0,0
p5644_POS,0,0,0,0,0
n1785_NEG,0,0,0,0,0
p1272_POS,0,0,0,0,0
p3352_POS,0,0,0,0,0
p2699_POS,0,0,0,0,0
2-(Dimethylamino)acetonitrile_POS,0,0,0,0,0
p2618_POS,0,0,0,0,0
p5608_POS,0,0,0,0,0
p1649_POS,0,0,0,0,0
p3551_POS,0,0,0,0,0
n3608_NEG,0,0,0,0,0
p504_POS,0,0,0,0,0
p2502_POS,0,0,0,0,0
p4630_POS,0,0,0,0,0
p2205_POS,0,0,0,0,0
NP-003117_POS,0,0,0,0,0
p532_POS,0,0,0,0,0
p4990_POS,0,0,0,0,0
p1460_POS,0,0,0,0,0
p4605_POS,0,0,0,0,0
2-Octenoic acid_POS,0,0,0,0,0
n2407_NEG,0,0,0,0,0
n1763_NEG,0,0,0,0,0
p3541_POS,0,0,0,0,0
p4237_POS,0,0,0,0,0
n3795_NEG,0,0,0,0,0
p1211_POS,0,0,0,0,0
Cladospolide E_POS,0,0,0,0,0
n1340_NEG,0,0,0,0,0
Dibenzylamine_POS,0,0,0,0,0
p1706_POS,0,0,0,0,0
p325_POS,0,0,0,0,0
p3307_POS,0,0,0,0,0
p789_POS,0,0,0,0,0
p3126_POS,0,0,0,0,0
p832_POS,0,0,0,0,0
n3679_NEG,0,0,0,0,0
p1695_POS,0,0,0,0,0
n2026_NEG,0,0,0,0,0
p2322_POS,0,0,0,0,0
p1333_POS,0,0,0,0,0
p3580_POS,0,0,0,0,0
p4443_POS,0,0,0,0,0
p3584_POS,0,0,0,0,0
p5645_POS,0,0,0,0,0
Geranylpyrrol A_POS,0,0,0,0,0
p1023_POS,0,0,0,0,0
p3036_POS,0,0,0,0,0
p5794_POS,0,0,0,0,0
p3203_POS,0,0,0,0,0
p3318_POS,0,0,0,0,0
cis-Acetylacrylate_NEG,0,0,0,0,0
p2698_POS,0,0,0,0,0
n1452_NEG,0,0,0,0,0
p1748_POS,0,0,0,0,0
"3-Hydroxyadipic acid 3,6-lactone_POS",0,0,0,0,0
p4693_POS,0,0,0,0,0
p649_POS,0,0,0,0,0
p4870_POS,0,0,0,0,0
n1683_NEG,0,0,0,0,0
p198_POS,0,0,0,0,0
2-Imidazolidone_POS,0,0,0,0,0
n3500_NEG,0,0,0,0,0
p1464_POS,0,0,0,0,0
Poly THF n4_POS,0,0,0,0,0
n1686_NEG,0,0,0,0,0
p241_POS,0,0,0,0,0
p359_POS,0,0,0,0,0
p4402_POS,0,0,0,0,0
n3728_NEG,0,0,0,0,0
p4570_POS,0,0,0,0,0
p1966_POS,0,0,0,0,0
p1852_POS,0,0,0,0,0
p3367_POS,0,0,0,0,0
p2623_POS,0,0,0,0,0
p5177_POS,0,0,0,0,0
"1,3,11-Tridecatriene-5,7,9-triyne_POS",0,0,0,0,0
n3668_NEG,0,0,0,0,0
p4005_POS,0,0,0,0,0
n1194_NEG,0,0,0,0,0
p961_POS,0,0,0,0,0
2-Methoxy-N-[2-(4-sulfamoylphenyl)ethyl]benzamide_NEG,0,0,0,0,0
n3714_NEG,0,0,0,0,0
p2708_POS,0,0,0,0,0
p4677_POS,0,0,0,0,0
p5101_POS,0,0,0,0,0
n2297_NEG,0,0,0,0,0
Trifluoroacetic acid_NEG,0,0,0,0,0
p3916_POS,0,0,0,0,0
n588_NEG,0,0,0,0,0
n2521_NEG,0,0,0,0,0
n2943_NEG,0,0,0,0,0
p5039_POS,0,0,0,0,0
p2169_POS,0,0,0,0,0
p3194_POS,0,0,0,0,0
p290_POS,0,0,0,0,0
4-(Glutamylamino) butanoate_POS,0,0,0,0,0
n694_NEG,0,0,0,0,0
p1667_POS,0,0,0,0,0
n3741_NEG,0,0,0,0,0
methadone-d9_NEG,0,0,0,0,0
p2672_POS,0,0,0,0,0
n1195_NEG,0,0,0,0,0
"2-Isopropyl-3,5-dimethoxy-6-methylpyrazine_POS",0,0,0,0,0
beta-Alanine_POS,0,0,0,0,0
p4265_POS,0,0,0,0,0
n247_NEG,0,0,0,0,0
n2504_NEG,0,0,0,0,0
p4522_POS,0,0,0,0,0
Cyclo(phenylalanyl-prolyl)_POS,0,0,0,0,0
"1-[2-(2,5-Dimethyl-1H-pyrrol-1-yl)-4-nitrophenyl]-4-(methylsulfonyl)piperazine_POS",0,0,0,0,0
p2632_POS,0,0,0,0,0
Acetazolamide_NEG,0,0,0,0,0
n1650_NEG,0,0,0,0,0
n3479_NEG,0,0,0,0,0
p5123_POS,0,0,0,0,0
p2072_POS,0,0,0,0,0
p5658_POS,0,0,0,0,0
n3750_NEG,0,0,0,0,0
Pyrogallol_NEG,0,0,0,0,0
p4130_POS,0,0,0,0,0
n2020_NEG,0,0,0,0,0
n3016_NEG,0,0,0,0,0
3-(dimethylamino)-1-(2-pyridyl)prop-2-en-1-one_POS,0,0,0,0,0
p2119_POS,0,0,0,0,0
3-[2-Carboxyprop-1-enyl(ethoxycarbonyl)amino]-2-methylprop-2-enoic acid_POS,0,0,0,0,0
p5637_POS,0,0,0,0,0
n3876_NEG,0,0,0,0,0
n3466_NEG,0,0,0,0,0
p5321_POS,0,0,0,0,0
p2314_POS,0,0,0,0,0
p3024_POS,0,0,0,0,0
p2059_POS,0,0,0,0,0
Allopurinol_NEG,0,0,0,0,0
n3918_NEG,0,0,0,0,0
Xylactam_POS,0,0,0,0,0
n525_NEG,0,0,0,0,0
p3233_POS,0,0,0,0,0
p3368_POS,0,0,0,0,0
p3202_POS,0,0,0,0,0
p4359_POS,0,0,0,0,0
"4-Azaspiro[bicyclo[2.2.2]octane-2,2'-[1,4]oxazolidine]-5'-one_POS",0,0,0,0,0
Butyric acid_POS,0,0,0,0,0
p3548_POS,0,0,0,0,0
3-Hydroxymethylglutaric acid_POS,0,0,0,0,0
p5087_POS,0,0,0,0,0
p2681_POS,0,0,0,0,0
p2701_POS,0,0,0,0,0
p3672_POS,0,0,0,0,0
n524_NEG,0,0,0,0,0
p519_POS,0,0,0,0,0
p4331_POS,0,0,0,0,0
p5360_POS,0,0,0,0,0
n536_NEG,0,0,0,0,0
n867_NEG,0,0,0,0,0
p3828_POS,0,0,0,0,0
n3168_NEG,0,0,0,0,0
n3689_NEG,0,0,0,0,0
p242_POS,0,0,0,0,0
p4763_POS,0,0,0,0,0
p1674_POS,0,0,0,0,0
p1045_POS,0,0,0,0,0
n1262_NEG,0,0,0,0,0
p1696_POS,0,0,0,0,0
L-(+)-Citrulline_POS,0,0,0,0,0
p607_POS,0,0,0,0,0
p1906_POS,0,0,0,0,0
p4067_POS,0,0,0,0,0
p3783_POS,0,0,0,0,0
p3077_POS,0,0,0,0,0
p2928_POS,0,0,0,0,0
n2474_NEG,0,0,0,0,0
n2712_NEG,0,0,0,0,0
n1985_NEG,0,0,0,0,0
p3435_POS,0,0,0,0,0
n1370_NEG,0,0,0,0,0
p821_POS,0,0,0,0,0
n2037_NEG,0,0,0,0,0
"5,6-Dihydroxyindole_POS",0,0,0,0,0
p5558_POS,0,0,0,0,0
n623_NEG,0,0,0,0,0
p4217_POS,0,0,0,0,0
p61_POS,0,0,0,0,0
p4379_POS,0,0,0,0,0
p515_POS,0,0,0,0,0
n1546_NEG,0,0,0,0,0
Buflomedil_POS,0,0,0,0,0
Ethyl beta-D-glucopyranoside_POS,0,0,0,0,0
p1664_POS,0,0,0,0,0
n3911_NEG,0,0,0,0,0
n2806_NEG,0,0,0,0,0
Tetrahydrofuran_POS,0,0,0,0,0
p3621_POS,0,0,0,0,0
p1183_POS,0,0,0,0,0
p1574_POS,0,0,0,0,0
p237_POS,0,0,0,0,0
Medazepam_POS,0,0,0,0,0
p5086_POS,0,0,0,0,0
p2399_POS,0,0,0,0,0
n85_NEG,0,0,0,0,0
n2041_NEG,0,0,0,0,0
IL-1R Antagonist_POS,0,0,0,0,0
n3337_NEG,0,0,0,0,0
Citalopram hydrobromide_POS,0,0,0,0,0
Methamphetamine_POS,0,0,0,0,0
Methadone_POS,0,0,0,0,0
Alanylserine_POS,0,0,0,0,0
p544_POS,0,0,0,0,0
p1505_POS,0,0,0,0,0
n3675_NEG,0,0,0,0,0
"3,4-Dihydroxybenzylamine_POS",0,0,0,0,0
Erythrohydrobupropion_POS,0,0,0,0,0
1-Phenyl-1H-pyrazole_POS,0,0,0,0,0
p5502_POS,0,0,0,0,0
p4093_POS,0,0,0,0,0
2-Aminoacrylic acid_POS,0,0,0,0,0
p3589_POS,0,0,0,0,0
Acetaminophen glucuronide_POS,0,0,0,0,0
"1,1-Dichloroacetone_POS",0,0,0,0,0
n2527_NEG,0,0,0,0,0
p4238_POS,0,0,0,0,0
p3175_POS,0,0,0,0,0
n1609_NEG,0,0,0,0,0
Allyl 2-(1H-benzimidazol-2-yl)-2-cyano-N-phenylethanimidothioate_POS,0,0,0,0,0
D-(-)-Ribose_NEG,0,0,0,0,0
p1623_POS,0,0,0,0,0
p994_POS,0,0,0,0,0
L-beta-aspartyl-L-glycine_POS,0,0,0,0,0
p1768_POS,0,0,0,0,0
Terretrione A_POS,0,0,0,0,0
p4459_POS,0,0,0,0,0
p3844_POS,0,0,0,0,0
p1559_POS,0,0,0,0,0
n819_NEG,0,0,0,0,0
n2559_NEG,0,0,0,0,0
p954_POS,0,0,0,0,0
Cotinine_POS,0,0,0,0,0
N'-Formylkynurenine_POS,0,0,0,0,0
p1486_POS,0,0,0,0,0
p5718_POS,0,0,0,0,0
p1633_POS,0,0,0,0,0
n296_NEG,0,0,0,0,0
p2312_POS,0,0,0,0,0
Paecilaminol_POS,0,0,0,0,0
p1457_POS,0,0,0,0,0
p3161_POS,0,0,0,0,0
p3017_POS,0,0,0,0,0
p747_POS,0,0,0,0,0
p2247_POS,0,0,0,0,0
n3180_NEG,0,0,0,0,0
n1758_NEG,0,0,0,0,0
n526_NEG,0,0,0,0,0
p1629_POS,0,0,0,0,0
p4475_POS,0,0,0,0,0
p5390_POS,0,0,0,0,0
p4981_POS,0,0,0,0,0
Cytidine monophosphate_POS,0,0,0,0,0
p1296_POS,0,0,0,0,0
n3700_NEG,0,0,0,0,0
p1282_POS,0,0,0,0,0
p3839_POS,0,0,0,0,0
p1520_POS,0,0,0,0,0
p2426_POS,0,0,0,0,0
p3843_POS,0,0,0,0,0
NP-022451_POS,0,0,0,0,0
p4556_POS,0,0,0,0,0
p2180_POS,0,0,0,0,0
n3298_NEG,0,0,0,0,0
p4753_POS,0,0,0,0,0
L-Pyroglutamic acid_POS,0,0,0,0,0
n844_NEG,0,0,0,0,0
p526_POS,0,0,0,0,0
p1290_POS,0,0,0,0,0
p4948_POS,0,0,0,0,0
p3583_POS,0,0,0,0,0
p5758_POS,0,0,0,0,0
p948_POS,0,0,0,0,0
L-Erythrulose_NEG,0,0,0,0,0
p1648_POS,0,0,0,0,0
n2164_NEG,0,0,0,0,0
2-Pyridylacetic acid_POS,0,0,0,0,0
p952_POS,0,0,0,0,0
n915_NEG,0,0,0,0,0
p2926_POS,0,0,0,0,0
p3614_POS,0,0,0,0,0
p1006_POS,0,0,0,0,0
α-Lactose_POS,0,0,0,0,0
thiol-maleimide_POS,0,0,0,0,0
p1325_POS,0,0,0,0,0
p1541_POS,0,0,0,0,0
p5784_POS,0,0,0,0,0
p5183_POS,0,0,0,0,0
p389_POS,0,0,0,0,0
Guanidoacetic acid_POS,0,0,0,0,0
p3244_POS,0,0,0,0,0
p3820_POS,0,0,0,0,0
p2817_POS,0,0,0,0,0
p304_POS,0,0,0,0,0
n2563_NEG,0,0,0,0,0
"(2R*,3R*)-1,2,3-Butanetriol_POS",0,0,0,0,0
p4918_POS,0,0,0,0,0
Cyclic AMP_NEG,0,0,0,0,0
n3121_NEG,0,0,0,0,0
p2553_POS,0,0,0,0,0
n3766_NEG,0,0,0,0,0
p191_POS,0,0,0,0,0
D-Raffinose_POS,0,0,0,0,0
Aspartame_POS,0,0,0,0,0
p924_POS,0,0,0,0,0
NP-008998_POS,0,0,0,0,0
p3321_POS,0,0,0,0,0
n83_NEG,0,0,0,0,0
p260_POS,0,0,0,0,0
p3769_POS,0,0,0,0,0
p4022_POS,0,0,0,0,0
n3109_NEG,0,0,0,0,0
Capsianoside I_POS,0,0,0,0,0
p380_POS,0,0,0,0,0
Creatine_POS,0,0,0,0,0
"2,4-diaziran-1-yl-6-(1-phenyl-1H-pyrrol-2-yl)-1,3,5-triazine_POS",0,0,0,0,0
p1028_POS,0,0,0,0,0
apo-[3-methylcrotonoyl-CoA:carbon-dioxide ligase (ADP-forming)]_POS,0,0,0,0,0
p4247_POS,0,0,0,0,0
p559_POS,0,0,0,0,0
QQH_POS,0,0,0,0,0
Zonisamide_POS,0,0,0,0,0
Pantothenic acid_POS,0,0,0,0,0
n316_NEG,0,0,0,0,0
p1057_POS,0,0,0,0,0
p1084_POS,0,0,0,0,0
p2518_POS,0,0,0,0,0
p3495_POS,0,0,0,0,0
p1459_POS,0,0,0,0,0
p999_POS,0,0,0,0,0
p5774_POS,0,0,0,0,0
Phenyl sulfoxide_POS,0,0,0,0,0
p3107_POS,0,0,0,0,0
p5160_POS,0,0,0,0,0
p5412_POS,0,0,0,0,0
n1621_NEG,0,0,0,0,0
p4082_POS,0,0,0,0,0
Chenodeoxycholic Acid_NEG,0,0,0,0,0
n3259_NEG,0,0,0,0,0
p3083_POS,0,0,0,0,0
n3896_NEG,0,0,0,0,0
p3198_POS,0,0,0,0,0
p4876_POS,0,0,0,0,0
n3520_NEG,0,0,0,0,0
p4433_POS,0,0,0,0,0
p699_POS,0,0,0,0,0
p5800_POS,0,0,0,0,0
"4-Cyano-N-({(1S,4S,6S)-6-isopropyl-3-methyl-4-[2-(4-methyl-1-piperazinyl)-2-oxoethyl]-2-cyclohexen-1-yl}methyl)benzamide_NEG",0,0,0,0,0
n3730_NEG,0,0,0,0,0
D-Glucamine_POS,0,0,0,0,0
p1279_POS,0,0,0,0,0
[3-amino-5-(methylsulfanyl)-4-(2-pyridinyl)-1H-pyrazol-1-yl](2-thienyl)methanone_POS,0,0,0,0,0
Cladinose_POS,0,0,0,0,0
n446_NEG,0,0,0,0,0
Lamotrigine_POS,0,0,0,0,0
n1279_NEG,0,0,0,0,0
n474_NEG,0,0,0,0,0
n222_NEG,0,0,0,0,0
11-Aminoundecanoic acid_POS,0,0,0,0,0
4'-Chloro-α-pyrrolidinopropiophenone_POS,0,0,0,0,0
n3916_NEG,0,0,0,0,0
p2202_POS,0,0,0,0,0
p3856_POS,0,0,0,0,0
Desmethylcitalopram_POS,0,0,0,0,0
p266_POS,0,0,0,0,0
p4531_POS,0,0,0,0,0
p813_POS,0,0,0,0,0
O-Desmethyl-cis-tramadol_POS,0,0,0,0,0
p5296_POS,0,0,0,0,0
n1560_NEG,0,0,0,0,0
p4412_POS,0,0,0,0,0
Phenazopyridine_POS,0,0,0,0,0
n2820_NEG,0,0,0,0,0
D-(+)-Glucose_POS,0,0,0,0,0
p490_POS,0,0,0,0,0
p2756_POS,0,0,0,0,0
p3975_POS,0,0,0,0,0
n3726_NEG,0,0,0,0,0
p5224_POS,0,0,0,0,0
n3555_NEG,0,0,0,0,0
n1399_NEG,0,0,0,0,0
p4649_POS,0,0,0,0,0
p1570_POS,0,0,0,0,0
p3818_POS,0,0,0,0,0
"N-(3-Cyano-4,5-dimethyl-2-thienyl)-2-(4-phenylpiperazino)acetamide_NEG",0,0,0,0,0
p2038_POS,0,0,0,0,0
Tromethamine_POS,0,0,0,0,0
n3884_NEG,0,0,0,0,0
n157_NEG,0,0,0,0,0
n3894_NEG,0,0,0,0,0
p4840_POS,0,0,0,0,0
p5531_POS,0,0,0,0,0
p4694_POS,0,0,0,0,0
p1622_POS,0,0,0,0,0
p4550_POS,0,0,0,0,0
p339_POS,0,0,0,0,0
p2647_POS,0,0,0,0,0
p2581_POS,0,0,0,0,0
Capsaicin_POS,0,0,0,0,0
n840_NEG,0,0,0,0,0
N-Ethylacetamide_POS,0,0,0,0,0
D-Glycero-D-galacto-heptitol_NEG,0,0,0,0,0
n1923_NEG,0,0,0,0,0
n2403_NEG,0,0,0,0,0
n3021_NEG,0,0,0,0,0
p2143_POS,0,0,0,0,0
2-Pentenedial_NEG,0,0,0,0,0
p2785_POS,0,0,0,0,0
n3442_NEG,0,0,0,0,0
